{
    "root_group": {
        "name": "",
        "path": "",
        "id": "d41d8cd98f00b204e9800998ecf8427e",
        "groups": {},
        "checks": {
                "write phase ok": {
                    "name": "write phase ok",
                    "path": "::write phase ok",
                    "id": "20cded37ae6ec1b9217ab51638169a1f",
                    "passes": 190659,
                    "fails": 368
                },
                "read phase ok": {
                    "fails": 129427,
                    "name": "read phase ok",
                    "path": "::read phase ok",
                    "id": "b047cda7baac040a4c7ca48e3c0b46a7",
                    "passes": 47996
                }
            }
    },
    "metrics": {
        "http_req_blocked": {
            "p(90)": 0.006669,
            "p(95)": 0.007763,
            "avg": 0.00792342092820826,
            "min": 0.001255,
            "med": 0.004664,
            "max": 34.605663
        },
        "http_reqs": {
            "count": 368450,
            "rate": 2556.1358649132344
        },
        "http_req_duration{expected_response:true}": {
            "avg": 13.116334765548723,
            "min": -891.216415,
            "med": 8.455054,
            "max": 258.291434,
            "p(90)": 32.5668422,
            "p(95)": 41.422591099999984
        },
        "http_req_receiving": {
            "med": 0.036805,
            "max": 45.263448,
            "p(90)": 0.088358,
            "p(95)": 0.16851469999999982,
            "avg": 0.07520589420274527,
            "min": 0.007407
        },
        "http_req_failed": {
            "passes": 129795,
            "fails": 238655,
            "value": 0.3522730356900529
        },
        "vus_max": {
            "value": 300,
            "min": 300,
            "max": 300
        },
        "iteration_duration": {
            "p(90)": 71.8018589,
            "p(95)": 87.70257484999993,
            "avg": 48.89614772285638,
            "min": 30.474858,
            "med": 42.109616,
            "max": 291.694238
        },
        "vus": {
            "value": 1,
            "min": 1,
            "max": 299
        },
        "checks": {
            "fails": 129795,
            "passes": 238655,
            "value": 0.647726964309947
        },
        "data_sent": {
            "count": 51861372,
            "rate": 359790.23740753694
        },
        "http_req_connecting": {
            "p(95)": 0,
            "avg": 0.000947064505360293,
            "min": 0,
            "med": 0,
            "max": 34.515916,
            "p(90)": 0
        },
        "http_req_waiting": {
            "avg": 17.952479678767684,
            "min": 0,
            "med": 11.076409,
            "max": 260.599928,
            "p(90)": 40.654709,
            "p(95)": 56.537803499999995
        },
        "iterations": {
            "rate": 2556.1358649132344,
            "count": 368450
        },
        "data_received": {
            "count": 609852488,
            "rate": 4230874.79137839
        },
        "http_req_sending": {
            "p(95)": 0.039607,
            "avg": 0.023347200624222724,
            "min": -919.205952,
            "med": 0.011699,
            "max": 16.065908,
            "p(90)": 0.021943
        },
        "http_req_tls_handshaking": {
            "min": 0,
            "med": 0,
            "max": 0,
            "p(90)": 0,
            "p(95)": 0,
            "avg": 0
        },
        "http_req_duration": {
            "avg": 18.05103277359522,
            "min": -891.216415,
            "med": 11.176758,
            "max": 260.860303,
            "p(90)": 40.768341000000014,
            "p(95)": 56.65481419999998
        }
    }
}