{
    "metrics": {
        "iteration_duration": {
            "avg": 78.78092400026195,
            "min": 50.873527,
            "med": 68.803294,
            "max": 915.412619,
            "p(90)": 111.7584228,
            "p(95)": 134.59529824999998
        },
        "http_req_connecting": {
            "avg": 0.0010377604803359847,
            "min": 0,
            "med": 0,
            "max": 38.110432,
            "p(90)": 0,
            "p(95)": 0
        },
        "http_req_receiving": {
            "max": 101.449064,
            "p(90)": 0.08108770000000007,
            "p(95)": 0.235658,
            "avg": 0.2235716960174601,
            "min": -918.989418,
            "med": 0.027241
        },
        "http_req_waiting": {
            "p(95)": 81.09889659999999,
            "avg": 26.644573590551854,
            "min": 0,
            "med": 16.776187,
            "max": 861.778979,
            "p(90)": 58.2720745
        },
        "checks": {
            "passes": 866671,
            "fails": 146703,
            "value": 0.8552331123553594
        },
        "http_req_duration": {
            "min": -914.906631,
            "med": 17.031796999999997,
            "max": 861.824877,
            "p(90)": 59.30173180000003,
            "p(95)": 82.12471519999998,
            "avg": 27.04464267690977,
            "thresholds": {
                "p(95)<2000": false
            }
        },
        "http_req_sending": {
            "p(95)": 0.205386,
            "avg": 0.17649739034153403,
            "min": -902.094401,
            "med": 0.011378,
            "max": 71.954667,
            "p(90)": 0.071095
        },
        "data_received": {
            "count": 856250236,
            "rate": 9038956.18454953
        },
        "http_req_blocked": {
            "avg": 0.009496379976194982,
            "min": 0.001574,
            "med": 0.004481,
            "max": 66.308464,
            "p(90)": 0.006081,
            "p(95)": 0.0071
        },
        "http_req_tls_handshaking": {
            "med": 0,
            "max": 0,
            "p(90)": 0,
            "p(95)": 0,
            "avg": 0,
            "min": 0
        },
        "vus_max": {
            "min": 1000,
            "max": 1000,
            "value": 1000
        },
        "http_req_duration{expected_response:true}": {
            "avg": 27.822423203040977,
            "min": -914.906631,
            "med": 17.132497,
            "max": 861.824877,
            "p(90)": 61.822342,
            "p(95)": 86.07233049999999
        },
        "http_req_failed": {
            "passes": 146703,
            "fails": 866671,
            "thresholds": {
                "rate<0.05": true
            },
            "value": 0.14476688764464057
        },
        "http_reqs": {
            "count": 1013374,
            "rate": 10697.624128376527
        },
        "data_sent": {
            "count": 176013011,
            "rate": 1858071.1892961562
        },
        "vus": {
            "value": 4,
            "min": 4,
            "max": 1000
        },
        "iterations": {
            "count": 1013374,
            "rate": 10697.624128376527
        }
    },
    "root_group": {
        "name": "",
        "path": "",
        "id": "d41d8cd98f00b204e9800998ecf8427e",
        "groups": {},
        "checks": {
                "order created": {
                    "fails": 0,
                    "name": "order created",
                    "path": "::order created",
                    "id": "5e7ce872bb14a562c4b9054c8eda7170",
                    "passes": 810209
                },
                "orders listed": {
                    "name": "orders listed",
                    "path": "::orders listed",
                    "id": "06bd7d40e014d038eefced671d23d3f9",
                    "passes": 56462,
                    "fails": 146703
                }
            }
    }
}